id,name,lat,lon,parameters
13,"Delhi Technological University, Delhi - CPCB",28.744,77.12,"no2, o3, pm25"
15,IGI Airport,28.56,77.094,"co, no2, o3, pm10, pm25"
16,Civil Lines,28.6787,77.2262,"co, no2, pm10, pm25"
17,"R K Puram, Delhi - DPCC",28.563262,77.186937,"co, co, no, no2, no2, nox, o3, o3, pm10, pm10, pm25, pm25, relativehumidity, so2, so2, temperature, wind_direction, wind_speed"
50,"Punjabi Bagh, Delhi - DPCC",28.674045,77.131023,"co, co, no, no2, no2, nox, o3, o3, pm10, pm10, pm25, pm25, relativehumidity, so2, so2, temperature, wind_direction, wind_speed"
103,"Income Tax Office, Delhi - CPCB",28.623499999999996,77.2494,"co, no2, o3, pm10, pm25"
235,"Anand Vihar, New Delhi - DPCC",28.646835,77.316032,"co, co, no, no2, no2, nox, o3, o3, pm10, pm10, pm25, pm25, relativehumidity, so2, so2, temperature, wind_direction, wind_speed"
236,"Mandir Marg, Delhi - DPCC",28.6341,77.2005,"co, no2, o3, pm10, pm25, so2"
431,"IHBAS, Delhi - CPCB",28.6821,77.305,"co, no2, pm25, so2"
2503,"Shadipur, Delhi - CPCB",28.651699999999998,77.1581,"co, no2, o3, pm25, so2"
2587,"Sector16A, Faridabad - HSPCB",28.410122219999998,77.313775,"co, no2, o3, pm10, pm25, so2"
2597,US Diplomatic Post: New Delhi,28.598096,77.189066,pm25
5404,"Pusa, Delhi - IMD",28.639645,77.146263,"co, co, no, no2, no2, nox, o3, pm10, pm10, pm25, pm25"
5509,"Anand Vihar, Delhi - DPCC",28.647622000000002,77.315809,"co, no2, o3, pm10, pm25, so2"
5540,"Punjabi Bagh, Delhi - DPCC",28.6670856,77.1301247,"co, no2, o3, pm10, pm25, so2"
5541,"Burari Crossing, New Delhi - IMD",28.7256504,77.2011573,"co, co, no, no2, no2, nox, o3, o3, pm10, pm10, pm25, pm25"
5570,"Aya Nagar, New Delhi - IMD",28.474261,77.131606,"co, co, no, no2, no2, nox, o3, o3, pm10, pm10, pm25, pm25"
5581,"Pusa, New Delhi - IMD",28.610304,77.0996943,"co, no2, o3, pm10, pm25"
5586,"Sirifort, Delhi - CPCB",28.5504249,77.2159377,"co, no, no2, nox, o3, pm10, pm25, relativehumidity, so2, temperature, wind_direction, wind_speed"
5598,"Sector - 125, Noida, UP - UPPCB",28.5447608,77.3231257,"co, no, no2, nox, o3, pm10, pm25, relativehumidity, so2, temperature, wind_direction, wind_speed"
5610,"North Campus, DU, Delhi - IMD",28.6573814,77.1585447,"co, co, no, no2, no2, nox, o3, o3, o3, pm10, pm10, pm25, pm25"
5613,"ITO, New Delhi - CPCB",28.628624,77.24106,"co, co, no, no2, no2, nox, o3, o3, pm10, pm10, pm25, pm25, so2, so2"
5616,"Sector - 62, Noida, UP - IMD",28.6245479,77.3577104,"co, no, no2, nox, o3, pm10, pm25"
5617,"Sector- 16A, Faridabad - HSPCB",28.4088421,77.3099081,"co, no2, o3, pm10, pm25, so2"
5622,"NSIT Dwarka, Delhi - CPCB",28.60909,77.0325413,"co, co, no, no2, no2, nox, o3, o3, pm10, pm10, pm25, pm25, relativehumidity, so2, so2, temperature, wind_direction, wind_speed"
5626,"DTU, New Delhi - CPCB",28.7500499,77.1112615,"co, co, no, no2, no2, nox, o3, o3, pm10, pm10, pm25, pm25, relativehumidity, so2, so2, temperature, wind_direction, wind_speed"
5627,"CRRI Mathura Road, New Delhi - IMD",28.5512005,77.2735737,"co, co, no, no2, no2, nox, o3, o3, pm10, pm10, pm25, pm25"
5630,"Shadipur, Delhi - CPCB",28.6514781,77.1473105,"co, co, no, no2, no2, nox, o3, o3, pm10, pm10, pm25, pm25, relativehumidity, so2, so2, temperature, wind_direction, wind_speed"
5634,"Lodhi Road, New Delhi - IMD",28.5918245,77.2273074,"co, co, no, no2, no2, nox, o3, o3, pm10, pm10, pm25, pm25"
5639,"R K Puram, New Delhi - DPCC",28.5646102,77.1670103,"co, no2, o3, pm10, pm25, so2"
5641,"Mandir Marg, New Delhi - DPCC",28.6372688,77.2005604,"co, no2, o3, pm10, pm25, so2"
5650,"IGI Airport (T3), Delhi - IMD",28.5627763,77.1180053,"co, no, no2, nox, o3, pm10, pm25"
5665,"Vasundhara, Ghaziabad - UPPCB",28.6603346,77.3572563,"co, co, no, no2, no2, nox, o3, o3, pm10, pm10, pm25, pm25, relativehumidity, so2, so2, temperature, wind_direction, wind_speed"
5742,"Patparganj, Delhi - DPCC",28.6310495,77.2846218,"no2, o3, pm10, pm25, so2"
5743,"Rohini, Delhi - DPCC",28.7407056,77.0577492,"co, no2, o3, pm10, pm25, so2"
5744,"Dr. Karni Singh Shooting Range, Delhi - DPCC",28.4997315,77.2649067,"co, no2, o3, pm10, pm25, so2"
5753,"Vivek Vihar, Delhi - DPCC",28.6687803,77.3130982,"co, no2, o3, pm10, pm25, so2"
5754,"Jawaharlal Nehru Stadium, Delhi - DPCC",28.5828503,77.2321778,"co, no2, o3, pm10, pm25, so2"
5755,"Major Dhyan Chand National Stadium, Delhi - DPCC",28.6125027,77.2351994,"co, no2, o3, pm10, pm25, so2"
5759,"Sonia Vihar, Delhi - DPCC",28.67795,77.29868,"co, no2, o3, pm10, pm25, so2"
5761,"Jahangirpuri, Delhi - DPCC",28.7258373,77.1605631,"co, no2, o3, pm10, pm25, so2"
5762,"Ashok Vihar, Delhi - DPCC",28.6957202,77.1812947,"co, no2, o3, pm10, pm25, so2"
5765,"Okhla Phase-2, Delhi - DPCC",28.5366411,77.2664587,"co, no2, o3, pm10, pm25, so2"
5766,"Nehru Nagar, Delhi - DPCC",28.5639543,77.2587868,"co, no2, o3, pm10, pm25, so2"
6356,"Pusa, Delhi - DPCC",28.639645,77.146262,"co, no, no2, nox, o3, pm10, pm25, relativehumidity, so2, temperature, wind_direction, wind_speed"
6357,"Punjabi Bagh, Delhi - DPCC",28.674045000000003,77.13102300000001,"co, no2, o3, pm10, pm25, so2"
6358,"Mandir Marg, New Delhi - DPCC",28.636429,77.201067,"co, co, no, no2, no2, nox, o3, o3, pm10, pm10, pm25, pm25, relativehumidity, so2, so2, temperature, wind_direction, wind_speed"
6359,"IHBAS, Dilshad Garden,New Delhi - CPCB",28.6811736,77.3025234,"co, co, no, no2, no2, nox, o3, o3, pm10, pm10, pm25, pm25, relativehumidity, so2, so2, temperature, wind_direction, wind_speed"
6924,"Indirapuram, Ghaziabad - UPPCB",28.646233,77.358075,"co, co, no, no2, no2, nox, o3, o3, pm10, pm10, pm25, pm25, relativehumidity, so2, so2, temperature, wind_direction, wind_speed"
6929,"Major Dhyan Chand National Stadium, Delhi - DPCC",28.611281,77.237738,"co, co, no, no2, no2, nox, o3, o3, pm10, pm10, pm25, pm25, relativehumidity, so2, so2, temperature, wind_direction, wind_speed"
6931,"Dwarka-Sector 8, Delhi - DPCC",28.5710274,77.0719006,"co, co, no, no2, no2, nox, o3, o3, pm10, pm10, pm25, pm25, relativehumidity, so2, so2, temperature, wind_direction, wind_speed"
6932,"Alipur, Delhi - DPCC",28.815329,77.15301,"co, co, no, no2, no2, nox, o3, o3, pm10, pm10, pm25, pm25, relativehumidity, so2, so2, temperature, wind_direction, wind_speed"
6934,"Dr. Karni Singh Shooting Range, Delhi - DPCC",28.498571,77.26484,"co, co, no, no2, no2, nox, o3, o3, pm10, pm10, pm25, pm25, relativehumidity, so2, so2, temperature, wind_direction, wind_speed"
6938,"Vivek Vihar, Delhi - DPCC",28.672342,77.31526,"co, co, no, no2, no2, nox, o3, o3, pm10, pm10, pm25, pm25, relativehumidity, so2, so2, temperature, wind_direction, wind_speed"
6957,"Jawaharlal Nehru Stadium, Delhi - DPCC",28.58028,77.233829,"co, co, no, no2, no2, nox, o3, o3, pm10, pm10, pm25, pm25, relativehumidity, so2, so2, temperature, wind_direction, wind_speed"
6960,"Patparganj, Delhi - DPCC",28.623748,77.287205,"co, no, no2, no2, nox, o3, o3, pm10, pm10, pm25, pm25, relativehumidity, so2, so2, temperature, wind_direction, wind_speed"
6980,"Sector-1, Noida - UPPCB",28.589247,77.321962,"co, co, no, no2, no2, nox, o3, o3, pm10, pm10, pm25, pm25, relativehumidity, so2, so2, temperature, wind_direction, wind_speed"
6986,"Knowledge Park - V, Greater Noida - UPPCB",28.557054,77.453663,"co, co, no, no2, no2, nox, o3, o3, pm10, pm10, pm25, pm25, relativehumidity, so2, so2, temperature, wind_direction, wind_speed"
6988,"Sector-116, Noida - UPPCB",28.56923,77.393848,"co, no, no2, nox, o3, pm10, pm25, relativehumidity, so2, temperature, wind_direction, wind_speed"
7005,"Loni, Ghaziabad - UPPCB",28.757294,77.278792,"co, co, no, no2, no2, nox, o3, o3, pm10, pm10, pm25, pm25, relativehumidity, so2, so2, temperature, wind_direction, wind_speed"
7044,"R K Puram, Delhi - DPCC",28.563262000000005,77.186937,"co, no2, o3, pm10, pm25, so2"
7434,"East Arjun Nagar, Delhi - CPCB",28.655601699999995,77.2859318,"no2, o3, so2"
8092,"East Arjun Nagar, Delhi - CPCB",28.655935,77.294904,"no2, o3, so2"
8118,New Delhi,28.63576,77.22445,pm25
8235,"Jahangirpuri, Delhi - DPCC",28.73282,77.170633,"co, co, no, no2, no2, nox, o3, o3, pm10, pm10, pm25, pm25, relativehumidity, so2, so2, temperature, wind_direction, wind_speed"
8239,"Okhla Phase-2, Delhi - DPCC",28.530785,77.271255,"co, co, no, no2, no2, nox, o3, o3, pm10, pm10, pm25, pm25, relativehumidity, so2, so2, temperature, wind_direction, wind_speed"
8365,"Nehru Nagar, Delhi - DPCC",28.56789,77.250515,"co, co, no, no2, no2, nox, o3, o3, pm10, pm10, pm25, pm25, relativehumidity, so2, so2, temperature, wind_direction, wind_speed"
8472,"Bawana, Delhi - DPCC",28.7762,77.051074,"co, co, no, no2, no2, nox, o3, o3, pm10, pm10, pm25, pm25, relativehumidity, so2, temperature, wind_direction, wind_speed"
8475,"Sonia Vihar, Delhi - DPCC",28.710508,77.249485,"co, co, no, no2, no2, nox, o3, o3, pm10, pm10, pm25, pm25, relativehumidity, so2, so2, temperature, wind_direction, wind_speed"
8915,"Wazirpur, Delhi - DPCC",28.699793,77.165453,"co, co, no, no2, no2, nox, o3, o3, pm10, pm10, pm25, pm25, relativehumidity, so2, so2, temperature, wind_direction, wind_speed"
8917,"Ashok Vihar, Delhi - DPCC",28.695381,77.181665,"co, co, no, no2, no2, nox, o3, o3, pm10, pm10, pm25, pm25, relativehumidity, so2, so2, temperature, wind_direction, wind_speed"
10484,"Sri Aurobindo Marg, Delhi - DPCC",28.531346,77.190156,"co, co, no, no2, no2, nox, o3, o3, pm10, pm10, pm25, pm25, relativehumidity, so2, so2, temperature, wind_direction, wind_speed"
10486,"Mundka, Delhi - DPCC",28.684678,77.076574,"co, co, no, no2, no2, nox, o3, o3, pm10, pm10, pm25, pm25, relativehumidity, so2, so2, temperature, wind_direction, wind_speed"
10487,"Anand Vihar, Delhi - DPCC",28.646835,77.316032,"co, no2, o3, pm10, pm25, so2"
10489,"ITO, Delhi - CPCB",28.628624,77.24106,"co, no2, o3, pm10, pm25, so2"
10820,"Sector 30, Faridabad - HSPCB",28.4417,77.3217,"co, no, no2, nox, o3, pm10, pm25, relativehumidity, so2, temperature, wind_direction, wind_speed"
10831,"Rohini, Delhi - DPCC",28.732528,77.11992,"co, co, no, no2, no2, nox, o3, o3, pm10, pm10, pm25, pm25, relativehumidity, so2, so2, temperature, wind_direction, wind_speed"
10900,"Teri Gram, Gurugram - HSPCB",28.4275,77.1465,"co, co, no, no2, no2, nox, o3, o3, pm10, pm10, pm25, pm25, relativehumidity, so2, so2, temperature, wind_direction, wind_speed"
10921,"NISE Gwal Pahari, Gurugram - IMD",28.422681,77.148944,"co, co, no, no2, no2, nox, o3, pm10, pm10, pm25, pm25"
11603,"Chandni Chowk, Delhi - IITM",28.656756,77.227234,"co, co, no, no2, no2, nox, o3, o3, pm10, pm10, pm25, pm25, relativehumidity, so2, so2, temperature, wind_direction, wind_speed"
11607,"Lodhi Road, Delhi - IITM",28.588333,77.221667,"co, no2, no2, o3, pm10, pm10, pm25, pm25, relativehumidity, so2, so2, temperature, wind_direction, wind_speed"
2860223,GK1 (Oberoi Terrace),28.5500047,77.2431058,"pm1, pm10, pm25, relativehumidity, temperature, um003"
3409496,"New Moti Bagh, Delhi - MHUA",28.57834,77.184,"co, no, no2, nox, pm25, relativehumidity, temperature, wind_direction, wind_speed"
4663956,"Santushti Apartments, Vasant Kunj",28.5266,77.1493,"pm1, pm25, relativehumidity, temperature, um003"
4712609,Air Check,28.623056,77.234167,"pm1, pm25, relativehumidity, temperature, um003"
6105800,"Sector 1, Noida extension",28.583491,77.431714,"pm1, pm25, relativehumidity, temperature, um003"
6119272,"Sector - 5, Vasundhara, Ghaziabad, Uttar Pradesh ",28.658398,77.3780531,"pm1, pm25, relativehumidity, temperature, um003"
6145551,Anand Lok,28.5587,77.21886,"pm1, pm25, relativehumidity, temperature, um003"
6148686,"IIT Delhi, Delhi - IITM",28.54246,77.191651,"co, no, no2, nox, o3, pm10, pm25"
6254594,"Talkatora Garden, Delhi - DPCC",28.62181,77.1944633,"co, no, no2, nox, o3, pm10, pm25, relativehumidity, so2, temperature, wind_direction, wind_speed"
6254663,"JNU, Delhi - DPCC",28.540721,77.168544,"co, no, no2, nox, o3, pm10, pm25, relativehumidity, so2, temperature, wind_direction, wind_speed"
6254665,"Commonwealth Sports Complex, Delhi - DPCC",28.615828,77.271992,"co, no, no2, nox, o3, pm10, pm25, relativehumidity, so2, temperature, wind_direction, wind_speed"
6254666,"IGNOU_Maidan Garhi, Delhi - DPCC",28.493624,77.201159,"co, no, no2, nox, o3, pm10, pm25, relativehumidity, so2, temperature, wind_direction, wind_speed"
6257818,"Cantonment Area, Delhi - DPCC",28.594169,77.1251,"co, no, no2, nox, o3, pm10, pm25, relativehumidity, so2, temperature, wind_direction, wind_speed"
6299494,"Prashant Garden, Khora - UPPCB",28.61119,77.34206,"co, no, no2, nox, o3, pm10, pm25, relativehumidity, so2, temperature, wind_direction, wind_speed"
6299678,"Ved Vihar-Loni, Ghaziabad - UPPCB",28.739153,77.273668,"co, no, no2, nox, o3, pm10, pm25, relativehumidity, so2, temperature, wind_direction, wind_speed"
